/* Room types */
INSERT INTO room_category(NAME, DESCRIPTION) VALUES ('STUDIO', '1 Queen-sized bed & 1 single mattress'); 
INSERT INTO room_category(NAME, DESCRIPTION) VALUES ('DELUXE', '1 Queen-sized bed, patio chairs with open air patio');
INSERT INTO room_category(NAME, DESCRIPTION) VALUES ('PREMIER', '1 Queen-sized bed, arm chair');
INSERT INTO room_category(NAME, DESCRIPTION) VALUES ('TRIPLE', '1 Queen-sized bed & 1 single bed');
INSERT INTO room_category(NAME, DESCRIPTION) VALUES ('TWIN', '2 single-beds');
INSERT INTO room_category(NAME, DESCRIPTION) VALUES ('SUPERIOR', '1 Queen-sized bed');

/* Additional options */
INSERT INTO option(OPTIONNAME, COST) VALUES ('WI-FI or LAN', '13');
INSERT INTO option(OPTIONNAME, COST) VALUES ('Extra breakfast', '24');
INSERT INTO option(OPTIONNAME, COST) VALUES ('Extra bed (B&B)', '15');
INSERT INTO option(OPTIONNAME, COST) VALUES ('Dry Sauna', '8');
INSERT INTO option(OPTIONNAME, COST) VALUES ('Steam Sauna', '10');
INSERT INTO option(OPTIONNAME, COST) VALUES ('Jacuzzi', '11');
INSERT INTO option(OPTIONNAME, COST) VALUES ('Special treat in room', '8');

/* Rooms in the hotel*/
INSERT INTO ROOM(NUMBER, CATEGORY_ID, BEDS, PRICE) VALUES ('1', '1', '1', '150');
INSERT INTO ROOM(NUMBER, CATEGORY_ID, BEDS, PRICE) VALUES ('2', '1', '1', '150');
INSERT INTO ROOM(NUMBER, CATEGORY_ID, BEDS, PRICE) VALUES ('3', '1', '1', '150');
INSERT INTO ROOM(NUMBER, CATEGORY_ID, BEDS, PRICE) VALUES ('4', '2', '1', '250');
INSERT INTO ROOM(NUMBER, CATEGORY_ID, BEDS, PRICE) VALUES ('5', '3', '1', '500');
INSERT INTO ROOM(NUMBER, CATEGORY_ID, BEDS, PRICE) VALUES ('6', '4', '1', '550');
INSERT INTO ROOM(NUMBER, CATEGORY_ID, BEDS, PRICE) VALUES ('7', '4', '1', '550');
INSERT INTO ROOM(NUMBER, CATEGORY_ID, BEDS, PRICE) VALUES ('8', '5', '2', '700');
INSERT INTO ROOM(NUMBER, CATEGORY_ID, BEDS, PRICE) VALUES ('9', '5', '2', '700');
INSERT INTO ROOM(NUMBER, CATEGORY_ID, BEDS, PRICE) VALUES ('10', '6', '1', '1000');

/* Register new users */
INSERT INTO USER(FIRSTNAME, LASTNAME) VALUES ('John', 'Smith');
INSERT INTO USER(FIRSTNAME, LASTNAME) VALUES ('Mary', 'Adams');
INSERT INTO USER(FIRSTNAME, LASTNAME) VALUES ('Kate', 'Wilkins');

/* Add bookings */
INSERT INTO BOOKING(BOOKED_ROOM_ID, CHECKINDATE, CHECKOUTDATE, DATECREATED) VALUES ('1', '2019-03-22', '2019-03-24', '2019-03-20');
INSERT INTO BOOKING(BOOKED_ROOM_ID, CHECKINDATE, CHECKOUTDATE, DATECREATED) VALUES ('2', '2019-04-1', '2019-04-03', '2019-03-28');
INSERT INTO BOOKING(BOOKED_ROOM_ID, CHECKINDATE, CHECKOUTDATE, DATECREATED) VALUES ('3', '2019-04-21', '2019-04-28', '2019-04-11');

/* SetUp user booked rooms*/
INSERT INTO BOOKING_USERS(BOOKING_ID, USER_ID) VALUES ('1', '1');
INSERT INTO BOOKING_USERS(BOOKING_ID, USER_ID) VALUES ('2', '2');
INSERT INTO BOOKING_USERS(BOOKING_ID, USER_ID) VALUES ('3', '3');

/* SetUp hotel options in bookings */
INSERT INTO BOOKING_OPTIONS(BOOKING_ID, OPTION_ID) VALUES ('1', '1');
INSERT INTO BOOKING_OPTIONS(BOOKING_ID, OPTION_ID) VALUES ('1', '2');
INSERT INTO BOOKING_OPTIONS(BOOKING_ID, OPTION_ID) VALUES ('1', '3');
INSERT INTO BOOKING_OPTIONS(BOOKING_ID, OPTION_ID) VALUES ('1', '4');

INSERT INTO BOOKING_OPTIONS(BOOKING_ID, OPTION_ID) VALUES ('2', '2');
INSERT INTO BOOKING_OPTIONS(BOOKING_ID, OPTION_ID) VALUES ('2', '3');
INSERT INTO BOOKING_OPTIONS(BOOKING_ID, OPTION_ID) VALUES ('2', '5');

INSERT INTO BOOKING_OPTIONS(BOOKING_ID, OPTION_ID) VALUES ('3', '4');
INSERT INTO BOOKING_OPTIONS(BOOKING_ID, OPTION_ID) VALUES ('3', '5');
INSERT INTO BOOKING_OPTIONS(BOOKING_ID, OPTION_ID) VALUES ('3', '6');




